Metric,Value
Average Daily Demand,21347.299903416493
Safety Stock,35081.96172902991
Lead Time Demand,106736.49951708247
Reorder Point,141818.46124611236
